pid,content_stay_gfg,content_visit_gfg,video_play_youtube,video_visit_youtube,question_remember,question_understanding,question_application,question_analysis,question_evaluation,self_assess_stay,self_assess_visit,content_stay_w3school,content_visit_w3school,preference_gfg,preference_w3school,preference_youtube,preference_1,preference_2,preference_3,sorted_preferences
0,88,50,73,96,0,0,0,0,0,95,98,20,26,0.390934844,0.130311615,0.478753541,youtube,gfg,w3school,"['youtube', 'gfg', 'w3school']"
1,25,56,44,93,0,0,0,0,0,65,66,44,30,0.27739726,0.253424658,0.469178082,youtube,gfg,w3school,"['youtube', 'gfg', 'w3school']"
2,52,86,85,53,22.5,50,22.5,32.5,0,0,19,84,29,0.354755784,0.290488432,0.354755784,gfg,youtube,w3school,"['gfg', 'youtube', 'w3school']"
3,86,53,27,81,77.5,75,35,42.5,40,23,58,74,25,0.401734104,0.286127168,0.312138728,gfg,youtube,w3school,"['gfg', 'youtube', 'w3school']"
4,76,86,35,99,82.5,85,65,67.5,70,80,81,17,33,0.468208092,0.144508671,0.387283237,gfg,youtube,w3school,"['gfg', 'youtube', 'w3school']"
5,59,83,97,63,47.5,50,37.5,45,50,16,75,82,99,0.293995859,0.374741201,0.33126294,w3school,youtube,gfg,"['w3school', 'youtube', 'gfg']"
6,27,78,42,75,92.5,100,87.5,87.5,100,38,43,57,97,0.279255319,0.409574468,0.311170213,w3school,youtube,gfg,"['w3school', 'youtube', 'gfg']"
7,70,80,90,88,42.5,45,45,32.5,30,100,100,12,15,0.422535211,0.076056338,0.501408451,youtube,gfg,w3school,"['youtube', 'gfg', 'w3school']"
8,92,83,47,90,22.5,50,30,0,0,1,2,98,64,0.369198312,0.341772152,0.289029536,gfg,w3school,youtube,"['gfg', 'w3school', 'youtube']"
9,60,80,32,61,82.5,87.5,82.5,72.5,75,61,84,58,32,0.433436533,0.278637771,0.287925697,gfg,youtube,w3school,"['gfg', 'youtube', 'w3school']"
10,41,98,99,57,97.5,100,90,90,97.5,18,70,77,100,0.294491525,0.375,0.330508475,w3school,youtube,gfg,"['w3school', 'youtube', 'gfg']"
11,47,69,33,79,80,77.5,50,47.5,75,77,96,17,99,0.337209302,0.337209302,0.325581395,gfg,w3school,youtube,"['gfg', 'w3school', 'youtube']"
12,54,84,73,79,92.5,97.5,90,82.5,95,61,63,56,57,0.342431762,0.280397022,0.377171216,youtube,gfg,w3school,"['youtube', 'gfg', 'w3school']"
13,60,42,78,100,47.5,50,37.5,37.5,50,16,73,90,94,0.219827586,0.396551724,0.38362069,w3school,youtube,gfg,"['w3school', 'youtube', 'gfg']"
14,89,62,53,73,80,90,85,75,85,82,98,44,59,0.397368421,0.271052632,0.331578947,gfg,youtube,w3school,"['gfg', 'youtube', 'w3school']"
15,53,61,35,92,95,97.5,97.5,92.5,97.5,32,85,39,47,0.348623853,0.262996942,0.388379205,youtube,gfg,w3school,"['youtube', 'gfg', 'w3school']"
16,29,95,37,75,92.5,82.5,77.5,75,92.5,39,96,56,61,0.351274788,0.331444759,0.317280453,gfg,w3school,youtube,"['gfg', 'w3school', 'youtube']"
17,54,100,79,81,95,87.5,42.5,45,45,100,100,49,53,0.370192308,0.245192308,0.384615385,youtube,gfg,w3school,"['youtube', 'gfg', 'w3school']"
18,27,87,43,81,97.5,90,95,90,87.5,59,61,90,64,0.290816327,0.392857143,0.316326531,w3school,youtube,gfg,"['w3school', 'youtube', 'gfg']"
19,69,62,81,72,97.5,90,97.5,90,90,84,100,70,60,0.316425121,0.314009662,0.369565217,youtube,gfg,w3school,"['youtube', 'gfg', 'w3school']"
20,81,82,77,84,80,80,77.5,95,97.5,99,100,5,28,0.456582633,0.092436975,0.450980392,gfg,youtube,w3school,"['gfg', 'youtube', 'w3school']"
21,52,100,98,59,85,75,42.5,0,0,26,27,97,41,0.340044743,0.308724832,0.351230425,youtube,gfg,w3school,"['youtube', 'gfg', 'w3school']"
22,100,97,72,53,85,80,80,67.5,77.5,75,77,64,31,0.472422062,0.227817746,0.299760192,gfg,youtube,w3school,"['gfg', 'youtube', 'w3school']"
23,29,55,30,78,85,95,82.5,90,87.5,30,46,80,3,0.305454545,0.301818182,0.392727273,youtube,gfg,w3school,"['youtube', 'gfg', 'w3school']"
24,96,99,67,94,80,80,52.5,45,42.5,89,89,59,3,0.466507177,0.148325359,0.385167464,gfg,youtube,w3school,"['gfg', 'youtube', 'w3school']"
25,33,95,51,94,25,50,50,30,20,24,63,92,77,0.28959276,0.382352941,0.328054299,w3school,youtube,gfg,"['w3school', 'youtube', 'gfg']"
26,48,90,58,93,97.5,100,100,90,97.5,79,82,5,46,0.405882353,0.15,0.444117647,youtube,gfg,w3school,"['youtube', 'gfg', 'w3school']"
27,25,85,44,97,77.5,77.5,67.5,50,72.5,82,95,74,17,0.321637427,0.266081871,0.412280702,youtube,gfg,w3school,"['youtube', 'gfg', 'w3school']"
28,88,83,25,81,60,7.5,32.5,32.5,35,67,67,49,26,0.485795455,0.213068182,0.301136364,gfg,youtube,w3school,"['gfg', 'youtube', 'w3school']"
29,97,73,97,60,47.5,50,40,27.5,0,40,87,82,88,0.342052314,0.342052314,0.315895372,gfg,w3school,youtube,"['gfg', 'w3school', 'youtube']"
30,94,33,81,97,62.5,75,45,40,65,43,44,82,62,0.28285078,0.320712695,0.396436526,youtube,w3school,gfg,"['youtube', 'w3school', 'gfg']"
31,68,27,77,89,87.5,87.5,52.5,60,72.5,1,50,72,51,0.247395833,0.3203125,0.432291667,youtube,w3school,gfg,"['youtube', 'w3school', 'gfg']"
32,63,75,36,72,97.5,97.5,95,87.5,95,9,59,25,13,0.485915493,0.133802817,0.38028169,gfg,youtube,w3school,"['gfg', 'youtube', 'w3school']"
33,67,88,72,100,82.5,85,75,85,85,18,58,61,44,0.358796296,0.243055556,0.398148148,youtube,gfg,w3school,"['youtube', 'gfg', 'w3school']"
34,65,99,60,72,82.5,92.5,80,95,95,40,66,58,22,0.436170213,0.212765957,0.35106383,gfg,youtube,w3school,"['gfg', 'youtube', 'w3school']"
35,77,97,68,75,45,47.5,42.5,37.5,50,11,89,95,92,0.345238095,0.371031746,0.283730159,w3school,gfg,youtube,"['w3school', 'gfg', 'youtube']"
36,41,100,63,95,92.5,87.5,92.5,90,90,61,99,76,64,0.32118451,0.318906606,0.359908884,youtube,gfg,w3school,"['youtube', 'gfg', 'w3school']"
37,74,58,68,93,0,0,0,0,0,67,91,59,7,0.367688022,0.183844011,0.448467967,youtube,gfg,w3school,"['youtube', 'gfg', 'w3school']"
38,43,64,39,72,87.5,92.5,95,95,100,76,88,22,27,0.400749064,0.183520599,0.415730337,youtube,gfg,w3school,"['youtube', 'gfg', 'w3school']"
39,40,99,35,83,10,0,0,0,0,81,90,4,51,0.445512821,0.176282051,0.378205128,gfg,youtube,w3school,"['gfg', 'youtube', 'w3school']"
40,28,93,61,51,95,100,95,100,97.5,52,100,85,79,0.304785894,0.413098237,0.282115869,w3school,gfg,youtube,"['w3school', 'gfg', 'youtube']"
41,88,77,86,100,92.5,82.5,52.5,55,77.5,77,88,10,7,0.448369565,0.046195652,0.505434783,youtube,gfg,w3school,"['youtube', 'gfg', 'w3school']"
42,42,95,78,67,67.5,85,80,80,85,5,6,37,51,0.37027027,0.237837838,0.391891892,youtube,gfg,w3school,"['youtube', 'gfg', 'w3school']"
43,66,87,45,98,77.5,92.5,72.5,90,90,87,99,42,48,0.396373057,0.233160622,0.370466321,gfg,youtube,w3school,"['gfg', 'youtube', 'w3school']"
44,34,38,97,66,45,50,40,40,50,9,86,75,21,0.217522659,0.290030211,0.49244713,youtube,w3school,gfg,"['youtube', 'w3school', 'gfg']"
45,58,91,98,100,87.5,97.5,90,95,95,30,36,42,11,0.3725,0.1325,0.495,youtube,gfg,w3school,"['youtube', 'gfg', 'w3school']"
46,57,97,66,88,92.5,100,85,92.5,95,69,91,99,57,0.331896552,0.336206897,0.331896552,w3school,gfg,youtube,"['w3school', 'gfg', 'youtube']"
47,40,56,26,91,95,87.5,82.5,85,87.5,24,35,18,53,0.338028169,0.25,0.411971831,youtube,gfg,w3school,"['youtube', 'gfg', 'w3school']"
48,63,95,52,39,85,80,72.5,70,70,6,28,37,95,0.414698163,0.346456693,0.238845144,gfg,w3school,youtube,"['gfg', 'w3school', 'youtube']"
49,93,92,60,89,87.5,92.5,80,85,95,1,53,19,55,0.453431373,0.181372549,0.365196078,gfg,youtube,w3school,"['gfg', 'youtube', 'w3school']"
50,100,100,86,62,0,0,0,0,0,37,92,33,83,0.431034483,0.25,0.318965517,gfg,youtube,w3school,"['gfg', 'youtube', 'w3school']"
51,67,95,48,75,82.5,82.5,90,75,90,53,87,55,4,0.470930233,0.171511628,0.35755814,gfg,youtube,w3school,"['gfg', 'youtube', 'w3school']"
52,92,29,93,87,75,72.5,30,40,35,63,92,99,58,0.26419214,0.34279476,0.3930131,youtube,w3school,gfg,"['youtube', 'w3school', 'gfg']"
53,91,65,91,90,95,92.5,80,90,100,78,94,8,86,0.361948956,0.218097448,0.419953596,youtube,gfg,w3school,"['youtube', 'gfg', 'w3school']"
54,87,100,85,73,0,0,0,0,0,51,86,88,20,0.412803532,0.238410596,0.348785872,gfg,youtube,w3school,"['gfg', 'youtube', 'w3school']"
55,47,48,40,88,92.5,97.5,97.5,90,100,52,66,56,24,0.313531353,0.264026403,0.422442244,youtube,gfg,w3school,"['youtube', 'gfg', 'w3school']"
56,58,99,58,100,92.5,72.5,37.5,60,52.5,92,98,84,79,0.328451883,0.341004184,0.330543933,w3school,youtube,gfg,"['w3school', 'youtube', 'gfg']"
57,96,88,100,93,90,90,90,52.5,35,96,99,86,58,0.353166987,0.276391555,0.370441459,youtube,gfg,w3school,"['youtube', 'gfg', 'w3school']"
58,51,98,57,71,47.5,50,45,25,47.5,92,98,92,30,0.373433584,0.305764411,0.320802005,gfg,youtube,w3school,"['gfg', 'youtube', 'w3school']"
59,40,97,42,97,95,97.5,92.5,47.5,45,92,94,96,62,0.315668203,0.3640553,0.320276498,w3school,youtube,gfg,"['w3school', 'youtube', 'gfg']"
60,71,94,95,92,77.5,87.5,82.5,85,77.5,15,52,5,1,0.460893855,0.016759777,0.522346369,youtube,gfg,w3school,"['youtube', 'gfg', 'w3school']"
61,68,88,100,74,75,77.5,65,60,67.5,42,97,92,85,0.307692308,0.349112426,0.343195266,w3school,youtube,gfg,"['w3school', 'youtube', 'gfg']"
62,58,100,81,35,77.5,87.5,70,75,85,37,44,58,42,0.422459893,0.267379679,0.310160428,gfg,youtube,w3school,"['gfg', 'youtube', 'w3school']"
63,73,44,38,54,72.5,75,50,40,70,75,85,74,24,0.381107492,0.319218241,0.299674267,gfg,w3school,youtube,"['gfg', 'w3school', 'youtube']"
64,40,91,50,80,85,75,50,47.5,57.5,53,69,81,81,0.309692671,0.382978723,0.307328605,w3school,gfg,youtube,"['w3school', 'gfg', 'youtube']"
65,84,97,25,96,80,95,80,77.5,82.5,28,67,37,53,0.461734694,0.229591837,0.308673469,gfg,youtube,w3school,"['gfg', 'youtube', 'w3school']"
66,97,64,96,96,92.5,85,55,52.5,72.5,53,64,55,94,0.320717131,0.296812749,0.38247012,youtube,gfg,w3school,"['youtube', 'gfg', 'w3school']"
67,59,99,80,98,80,80,75,67.5,87.5,64,84,2,84,0.374407583,0.203791469,0.421800948,youtube,gfg,w3school,"['youtube', 'gfg', 'w3school']"
68,68,99,32,46,77.5,82.5,70,72.5,80,36,49,44,17,0.545751634,0.199346405,0.254901961,gfg,youtube,w3school,"['gfg', 'youtube', 'w3school']"
69,58,86,57,100,82.5,75,37.5,42.5,37.5,19,85,23,92,0.346153846,0.276442308,0.377403846,youtube,gfg,w3school,"['youtube', 'gfg', 'w3school']"
70,82,62,61,94,67.5,77.5,45,60,77.5,63,70,93,78,0.306382979,0.363829787,0.329787234,w3school,youtube,gfg,"['w3school', 'youtube', 'gfg']"
71,71,95,96,52,80,92.5,60,62.5,75,66,79,51,40,0.409876543,0.224691358,0.365432099,gfg,youtube,w3school,"['gfg', 'youtube', 'w3school']"
72,52,98,63,100,62.5,80,62.5,45,75,62,66,92,23,0.35046729,0.268691589,0.380841121,youtube,gfg,w3school,"['youtube', 'gfg', 'w3school']"
73,32,86,83,83,77.5,77.5,60,45,75,67,67,18,13,0.374603175,0.098412698,0.526984127,youtube,gfg,w3school,"['youtube', 'gfg', 'w3school']"
74,89,87,94,86,72.5,80,85,85,97.5,83,89,2,61,0.420047733,0.150357995,0.429594272,youtube,gfg,w3school,"['youtube', 'gfg', 'w3school']"
75,45,61,98,97,77.5,75,52.5,62.5,65,92,97,76,47,0.25,0.29009434,0.45990566,youtube,w3school,gfg,"['youtube', 'w3school', 'gfg']"
76,41,40,57,68,60,77.5,62.5,67.5,82.5,82,83,27,86,0.253918495,0.354231975,0.39184953,youtube,w3school,gfg,"['youtube', 'w3school', 'gfg']"
77,55,96,50,47,77.5,85,55,35,42.5,83,83,46,71,0.41369863,0.320547945,0.265753425,gfg,w3school,youtube,"['gfg', 'w3school', 'youtube']"
78,41,97,90,92,82.5,85,77.5,67.5,75,80,85,1,37,0.38547486,0.106145251,0.508379888,youtube,gfg,w3school,"['youtube', 'gfg', 'w3school']"
79,73,87,84,87,62.5,80,62.5,45,62.5,54,60,84,3,0.38277512,0.208133971,0.409090909,youtube,gfg,w3school,"['youtube', 'gfg', 'w3school']"
80,93,92,84,99,92.5,87.5,65,60,67.5,4,71,75,45,0.379098361,0.245901639,0.375,gfg,youtube,w3school,"['gfg', 'youtube', 'w3school']"
81,51,100,55,74,82.5,82.5,67.5,47.5,70,33,52,16,55,0.43019943,0.202279202,0.367521368,gfg,youtube,w3school,"['gfg', 'youtube', 'w3school']"
82,74,88,37,95,67.5,72.5,52.5,55,67.5,41,64,68,45,0.398034398,0.277641278,0.324324324,gfg,youtube,w3school,"['gfg', 'youtube', 'w3school']"
83,72,99,88,71,77.5,80,60,67.5,72.5,98,100,54,47,0.39675174,0.234338747,0.368909513,gfg,youtube,w3school,"['gfg', 'youtube', 'w3school']"
84,82,94,95,84,75,85,57.5,45,70,64,77,62,74,0.358452138,0.276985743,0.364562118,youtube,gfg,w3school,"['youtube', 'gfg', 'w3school']"
85,47,100,71,86,82.5,92.5,80,72.5,87.5,54,96,92,49,0.330337079,0.316853933,0.352808989,youtube,gfg,w3school,"['youtube', 'gfg', 'w3school']"
86,98,83,32,41,35,50,50,50,25,80,97,99,49,0.450248756,0.368159204,0.18159204,gfg,w3school,youtube,"['gfg', 'w3school', 'youtube']"
87,74,97,84,92,92.5,77.5,62.5,95,100,54,63,84,58,0.349693252,0.290388548,0.3599182,youtube,gfg,w3school,"['youtube', 'gfg', 'w3school']"
88,94,82,34,73,57.5,72.5,45,37.5,67.5,95,100,40,78,0.438902743,0.294264339,0.266832918,gfg,w3school,youtube,"['gfg', 'w3school', 'youtube']"
89,35,78,74,97,77.5,80,45,50,72.5,39,79,42,35,0.313019391,0.213296399,0.473684211,youtube,gfg,w3school,"['youtube', 'gfg', 'w3school']"
90,40,98,36,100,27.5,45,5,0,0,44,80,20,52,0.398843931,0.208092486,0.393063584,gfg,youtube,w3school,"['gfg', 'youtube', 'w3school']"
91,92,56,36,83,60,60,57.5,37.5,70,14,63,84,97,0.330357143,0.404017857,0.265625,w3school,gfg,youtube,"['w3school', 'gfg', 'youtube']"
92,88,59,27,83,97.5,95,85,82.5,85,59,90,47,71,0.392,0.314666667,0.293333333,gfg,w3school,youtube,"['gfg', 'w3school', 'youtube']"
93,42,59,57,97,87.5,87.5,85,80,92.5,41,98,3,21,0.362007168,0.086021505,0.551971326,youtube,gfg,w3school,"['youtube', 'gfg', 'w3school']"
94,26,67,60,84,92.5,100,95,82.5,97.5,30,77,11,16,0.352272727,0.102272727,0.545454545,youtube,gfg,w3school,"['youtube', 'gfg', 'w3school']"
95,94,97,35,65,90,85,70,72.5,87.5,66,90,3,41,0.570149254,0.131343284,0.298507463,gfg,youtube,w3school,"['gfg', 'youtube', 'w3school']"
96,62,91,46,100,87.5,100,70,92.5,85,80,83,39,26,0.42032967,0.178571429,0.401098901,gfg,youtube,w3school,"['gfg', 'youtube', 'w3school']"
97,93,79,92,66,77.5,72.5,37.5,37.5,35,90,90,46,18,0.436548223,0.162436548,0.401015228,gfg,youtube,w3school,"['gfg', 'youtube', 'w3school']"
98,69,95,77,76,87.5,82.5,67.5,55,77.5,71,86,56,6,0.432717678,0.163588391,0.403693931,gfg,youtube,w3school,"['gfg', 'youtube', 'w3school']"
99,34,50,98,97,92.5,95,90,97.5,97.5,44,62,13,8,0.28,0.07,0.65,youtube,gfg,w3school,"['youtube', 'gfg', 'w3school']"
100,75,60,94,91,100,97.5,100,95,97.5,81,85,14,51,0.350649351,0.168831169,0.480519481,youtube,gfg,w3school,"['youtube', 'gfg', 'w3school']"
101,76,75,76,83,92.5,92.5,85,90,72.5,28,71,13,82,0.372839506,0.234567901,0.392592593,youtube,gfg,w3school,"['youtube', 'gfg', 'w3school']"
102,75,73,93,90,87.5,75,65,50,47.5,28,39,52,44,0.346604215,0.224824356,0.428571429,youtube,gfg,w3school,"['youtube', 'gfg', 'w3school']"
103,54,100,42,56,80,77.5,80,80,82.5,37,79,80,24,0.43258427,0.292134831,0.275280899,gfg,w3school,youtube,"['gfg', 'w3school', 'youtube']"
104,37,88,26,98,95,82.5,85,95,100,42,58,2,56,0.407166124,0.188925081,0.403908795,gfg,youtube,w3school,"['gfg', 'youtube', 'w3school']"
105,41,95,93,68,92.5,87.5,75,77.5,92.5,30,68,1,1,0.454849498,0.006688963,0.538461538,youtube,gfg,w3school,"['youtube', 'gfg', 'w3school']"
106,42,100,55,50,87.5,82.5,67.5,62.5,82.5,77,93,17,78,0.415204678,0.277777778,0.307017544,gfg,youtube,w3school,"['gfg', 'youtube', 'w3school']"
107,93,64,30,85,0,0,0,0,0,96,97,48,16,0.467261905,0.19047619,0.342261905,gfg,youtube,w3school,"['gfg', 'youtube', 'w3school']"
108,38,99,96,83,45,50,45,47.5,45,1,25,81,84,0.284823285,0.343035343,0.372141372,youtube,w3school,gfg,"['youtube', 'w3school', 'gfg']"
109,99,100,34,82,85,95,87.5,82.5,87.5,35,53,11,94,0.473809524,0.25,0.276190476,gfg,youtube,w3school,"['gfg', 'youtube', 'w3school']"
110,36,55,46,99,90,85,65,47.5,72.5,64,95,58,32,0.279141104,0.27607362,0.444785276,youtube,gfg,w3school,"['youtube', 'gfg', 'w3school']"
111,77,84,100,90,0,0,0,0,0,23,58,30,86,0.344753747,0.248394004,0.406852248,youtube,gfg,w3school,"['youtube', 'gfg', 'w3school']"
112,26,74,71,99,85,85,52.5,67.5,67.5,77,77,34,20,0.308641975,0.166666667,0.524691358,youtube,gfg,w3school,"['youtube', 'gfg', 'w3school']"
113,67,61,26,77,65,57.5,37.5,50,57.5,18,76,42,51,0.395061728,0.287037037,0.317901235,gfg,youtube,w3school,"['gfg', 'youtube', 'w3school']"
114,53,100,53,59,72.5,90,72.5,62.5,82.5,5,7,32,23,0.478125,0.171875,0.35,gfg,youtube,w3school,"['gfg', 'youtube', 'w3school']"
115,74,99,81,78,85,90,77.5,60,47.5,6,39,84,26,0.391402715,0.248868778,0.359728507,gfg,youtube,w3school,"['gfg', 'youtube', 'w3school']"
116,30,79,51,100,95,97.5,92.5,87.5,95,53,53,50,95,0.269135802,0.358024691,0.372839506,youtube,w3school,gfg,"['youtube', 'w3school', 'gfg']"
117,57,94,62,94,100,100,97.5,92.5,100,91,94,68,39,0.3647343,0.258454106,0.376811594,youtube,gfg,w3school,"['youtube', 'gfg', 'w3school']"
118,42,66,86,58,85,80,52.5,85,75,54,70,61,98,0.262773723,0.386861314,0.350364964,w3school,youtube,gfg,"['w3school', 'youtube', 'gfg']"
119,33,98,31,65,92.5,87.5,85,87.5,90,73,76,75,81,0.342036554,0.407310705,0.250652742,w3school,gfg,youtube,"['w3school', 'gfg', 'youtube']"
120,29,88,81,93,15,50,0,0,0,95,97,56,74,0.277909739,0.308788599,0.413301663,youtube,w3school,gfg,"['youtube', 'w3school', 'gfg']"
121,96,52,76,60,85,80,72.5,82.5,80,28,93,32,30,0.427745665,0.179190751,0.393063584,gfg,youtube,w3school,"['gfg', 'youtube', 'w3school']"
122,47,64,82,80,90,80,90,80,62.5,34,77,82,42,0.279596977,0.312342569,0.408060453,youtube,w3school,gfg,"['youtube', 'w3school', 'gfg']"
123,99,87,66,94,40,50,35,45,37.5,13,83,74,73,0.377281947,0.298174442,0.324543611,gfg,youtube,w3school,"['gfg', 'youtube', 'w3school']"
124,76,68,77,95,75,82.5,70,80,87.5,16,21,46,8,0.389189189,0.145945946,0.464864865,youtube,gfg,w3school,"['youtube', 'gfg', 'w3school']"
125,34,68,51,66,70,75,60,52.5,75,6,77,32,79,0.309090909,0.336363636,0.354545455,youtube,w3school,gfg,"['youtube', 'w3school', 'gfg']"
126,70,90,83,77,82.5,72.5,82.5,65,67.5,4,70,71,31,0.379146919,0.241706161,0.379146919,gfg,youtube,w3school,"['gfg', 'youtube', 'w3school']"
127,65,81,53,100,80,85,75,60,75,61,95,83,99,0.303534304,0.378378378,0.318087318,w3school,youtube,gfg,"['w3school', 'youtube', 'gfg']"
128,75,70,99,89,85,70,52.5,35,77.5,19,63,60,24,0.347721823,0.201438849,0.450839329,youtube,gfg,w3school,"['youtube', 'gfg', 'w3school']"
129,43,32,49,95,70,77.5,50,42.5,65,26,69,76,91,0.194300518,0.432642487,0.373056995,w3school,youtube,gfg,"['w3school', 'youtube', 'gfg']"
130,82,98,48,96,80,70,37.5,27.5,25,50,53,27,62,0.435835351,0.215496368,0.348668281,gfg,youtube,w3school,"['gfg', 'youtube', 'w3school']"
131,35,83,54,86,37.5,37.5,17.5,0,0,78,98,0,53,0.379421222,0.170418006,0.450160772,youtube,gfg,w3school,"['youtube', 'gfg', 'w3school']"
132,100,98,92,67,87.5,82.5,40,50,72.5,60,97,87,74,0.382239382,0.310810811,0.306949807,gfg,w3school,youtube,"['gfg', 'w3school', 'youtube']"
133,71,90,78,84,47.5,65,50,35,67.5,94,97,44,24,0.411764706,0.173913043,0.414322251,youtube,gfg,w3school,"['youtube', 'gfg', 'w3school']"
134,55,97,78,90,97.5,80,80,77.5,85,51,96,86,16,0.360189573,0.241706161,0.398104265,youtube,gfg,w3school,"['youtube', 'gfg', 'w3school']"
135,75,100,31,77,80,97.5,80,55,80,93,100,44,58,0.454545455,0.264935065,0.280519481,gfg,youtube,w3school,"['gfg', 'youtube', 'w3school']"
136,60,80,87,95,65,82.5,80,42.5,25,41,96,97,75,0.28340081,0.348178138,0.368421053,youtube,w3school,gfg,"['youtube', 'w3school', 'gfg']"
137,45,85,68,79,85,85,77.5,72.5,92.5,72,73,69,40,0.336787565,0.28238342,0.380829016,youtube,gfg,w3school,"['youtube', 'gfg', 'w3school']"
138,27,66,28,80,92.5,92.5,92.5,85,100,43,55,36,85,0.288819876,0.375776398,0.335403727,w3school,youtube,gfg,"['w3school', 'youtube', 'gfg']"
139,54,64,73,90,95,95,90,82.5,95,4,97,71,27,0.311345646,0.258575198,0.430079156,youtube,gfg,w3school,"['youtube', 'gfg', 'w3school']"
140,70,85,34,100,87.5,82.5,85,92.5,100,64,89,27,76,0.395408163,0.262755102,0.341836735,gfg,youtube,w3school,"['gfg', 'youtube', 'w3school']"
141,69,84,63,45,90,95,97.5,95,95,56,99,32,24,0.482649842,0.176656151,0.340694006,gfg,youtube,w3school,"['gfg', 'youtube', 'w3school']"
142,40,48,41,93,87.5,97.5,70,97.5,97.5,54,75,48,14,0.309859155,0.218309859,0.471830986,youtube,gfg,w3school,"['youtube', 'gfg', 'w3school']"
143,39,58,60,93,92.5,85,75,82.5,85,80,80,4,5,0.374517375,0.034749035,0.590733591,youtube,gfg,w3school,"['youtube', 'gfg', 'w3school']"
144,94,40,76,70,82.5,85,72.5,62.5,80,75,80,2,10,0.45890411,0.04109589,0.5,youtube,gfg,w3school,"['youtube', 'gfg', 'w3school']"
145,32,92,100,75,92.5,87.5,87.5,72.5,97.5,1,27,87,44,0.288372093,0.304651163,0.406976744,youtube,w3school,gfg,"['youtube', 'w3school', 'gfg']"
146,92,96,84,93,87.5,95,92.5,90,85,22,60,22,33,0.447619048,0.130952381,0.421428571,gfg,youtube,w3school,"['gfg', 'youtube', 'w3school']"
147,36,76,98,98,82.5,70,85,85,65,23,88,39,49,0.282828283,0.222222222,0.494949495,youtube,gfg,w3school,"['youtube', 'gfg', 'w3school']"
148,62,99,92,67,90,72.5,87.5,85,77.5,17,58,38,56,0.388888889,0.22705314,0.384057971,gfg,youtube,w3school,"['gfg', 'youtube', 'w3school']"
149,64,99,95,84,90,85,67.5,72.5,70,12,15,59,65,0.349785408,0.266094421,0.384120172,youtube,gfg,w3school,"['youtube', 'gfg', 'w3school']"
150,60,82,65,97,90,85,80,72.5,92.5,81,91,46,42,0.362244898,0.224489796,0.413265306,youtube,gfg,w3school,"['youtube', 'gfg', 'w3school']"
151,40,91,96,73,87.5,100,72.5,100,80,46,77,45,5,0.374285714,0.142857143,0.482857143,youtube,gfg,w3school,"['youtube', 'gfg', 'w3school']"
152,100,80,59,81,92.5,92.5,87.5,85,95,5,85,23,6,0.515759312,0.083094556,0.401146132,gfg,youtube,w3school,"['gfg', 'youtube', 'w3school']"
153,31,49,36,78,85,90,77.5,85,92.5,62,87,47,24,0.301886792,0.267924528,0.430188679,youtube,gfg,w3school,"['youtube', 'gfg', 'w3school']"
154,99,92,100,96,85,100,77.5,95,100,79,79,26,36,0.425389755,0.138084633,0.436525612,youtube,gfg,w3school,"['youtube', 'gfg', 'w3school']"
155,31,83,66,79,97.5,100,95,87.5,90,12,68,55,48,0.314917127,0.284530387,0.400552486,youtube,gfg,w3school,"['youtube', 'gfg', 'w3school']"
156,62,97,87,73,87.5,82.5,82.5,80,85,21,76,38,32,0.40874036,0.179948586,0.411311054,youtube,gfg,w3school,"['youtube', 'gfg', 'w3school']"
157,55,89,97,87,90,90,92.5,85,100,27,80,70,61,0.31372549,0.28540305,0.40087146,youtube,gfg,w3school,"['youtube', 'gfg', 'w3school']"
158,25,97,64,84,87.5,100,90,90,97.5,67,90,65,61,0.308080808,0.318181818,0.373737374,youtube,w3school,gfg,"['youtube', 'w3school', 'gfg']"
159,36,87,32,89,90,97.5,100,87.5,90,80,93,61,26,0.371601208,0.262839879,0.365558912,gfg,youtube,w3school,"['gfg', 'youtube', 'w3school']"
160,57,71,53,88,95,95,90,92.5,95,75,99,23,29,0.398753894,0.161993769,0.439252336,youtube,gfg,w3school,"['youtube', 'gfg', 'w3school']"
161,45,95,42,68,82.5,85,90,85,90,100,100,32,41,0.433436533,0.226006192,0.340557276,gfg,youtube,w3school,"['gfg', 'youtube', 'w3school']"
162,96,69,39,69,72.5,82.5,82.5,77.5,90,64,83,47,22,0.48245614,0.201754386,0.315789474,gfg,youtube,w3school,"['gfg', 'youtube', 'w3school']"
163,61,86,30,61,97.5,97.5,92.5,92.5,97.5,23,57,27,96,0.407202216,0.340720222,0.252077562,gfg,w3school,youtube,"['gfg', 'w3school', 'youtube']"
164,80,100,84,97,87.5,92.5,87.5,87.5,90,98,99,51,28,0.409090909,0.179545455,0.411363636,youtube,gfg,w3school,"['youtube', 'gfg', 'w3school']"
165,68,80,90,31,95,97.5,90,97.5,97.5,66,74,74,15,0.413407821,0.248603352,0.337988827,gfg,youtube,w3school,"['gfg', 'youtube', 'w3school']"
166,94,82,74,98,90,85,82.5,95,95,79,82,64,46,0.384279476,0.240174672,0.375545852,gfg,youtube,w3school,"['gfg', 'youtube', 'w3school']"
167,84,76,73,100,90,100,92.5,85,100,15,21,22,34,0.411311054,0.143958869,0.444730077,youtube,gfg,w3school,"['youtube', 'gfg', 'w3school']"
168,50,80,55,99,92.5,97.5,97.5,97.5,100,54,93,8,21,0.415335463,0.092651757,0.49201278,youtube,gfg,w3school,"['youtube', 'gfg', 'w3school']"
169,27,51,76,92,75,85,72.5,65,80,72,90,86,34,0.213114754,0.327868852,0.459016393,youtube,w3school,gfg,"['youtube', 'w3school', 'gfg']"
170,45,81,60,84,97.5,90,75,85,80,69,84,47,26,0.367346939,0.212827988,0.419825073,youtube,gfg,w3school,"['youtube', 'gfg', 'w3school']"
171,48,89,62,81,97.5,100,92.5,97.5,90,59,80,38,48,0.37431694,0.234972678,0.390710383,youtube,gfg,w3school,"['youtube', 'gfg', 'w3school']"
172,52,32,78,98,90,97.5,87.5,92.5,100,78,82,99,31,0.215384615,0.333333333,0.451282051,youtube,w3school,gfg,"['youtube', 'w3school', 'gfg']"
173,69,75,51,67,92.5,97.5,85,95,97.5,74,82,89,50,0.359102244,0.346633416,0.294264339,gfg,w3school,youtube,"['gfg', 'w3school', 'youtube']"
174,78,81,27,89,92.5,97.5,95,75,87.5,43,62,97,37,0.388753056,0.327628362,0.283618582,gfg,w3school,youtube,"['gfg', 'w3school', 'youtube']"
175,69,100,69,60,97.5,92.5,90,95,80,44,83,98,15,0.411192214,0.274939173,0.313868613,gfg,youtube,w3school,"['gfg', 'youtube', 'w3school']"
176,31,52,31,96,90,97.5,87.5,85,90,69,99,48,98,0.233146067,0.41011236,0.356741573,w3school,youtube,gfg,"['w3school', 'youtube', 'gfg']"
177,33,81,46,98,90,82.5,62.5,65,87.5,55,96,15,44,0.359621451,0.186119874,0.454258675,youtube,gfg,w3school,"['youtube', 'gfg', 'w3school']"
178,68,73,26,99,72.5,82.5,37.5,30,72.5,33,90,57,60,0.368146214,0.305483029,0.326370757,gfg,youtube,w3school,"['gfg', 'youtube', 'w3school']"
179,96,95,72,65,92.5,95,85,87.5,97.5,53,96,23,68,0.455847255,0.217183771,0.326968974,gfg,youtube,w3school,"['gfg', 'youtube', 'w3school']"
180,45,66,91,91,87.5,100,87.5,92.5,95,48,87,27,7,0.339449541,0.103975535,0.556574924,youtube,gfg,w3school,"['youtube', 'gfg', 'w3school']"
181,84,100,32,62,100,100,87.5,97.5,97.5,77,91,38,14,0.557575758,0.157575758,0.284848485,gfg,youtube,w3school,"['gfg', 'youtube', 'w3school']"
182,73,89,67,89,90,97.5,90,97.5,92.5,24,49,77,63,0.35371179,0.305676856,0.340611354,gfg,youtube,w3school,"['gfg', 'youtube', 'w3school']"
183,34,84,81,86,85,77.5,42.5,82.5,70,79,97,33,69,0.304909561,0.263565891,0.431524548,youtube,gfg,w3school,"['youtube', 'gfg', 'w3school']"
184,59,91,44,100,90,100,72.5,80,95,35,90,81,87,0.324675325,0.363636364,0.311688312,w3school,gfg,youtube,"['w3school', 'gfg', 'youtube']"
185,55,98,63,81,77.5,82.5,87.5,87.5,97.5,27,66,49,87,0.35334873,0.31408776,0.33256351,gfg,youtube,w3school,"['gfg', 'youtube', 'w3school']"
186,81,66,67,70,80,80,87.5,92.5,100,59,85,62,15,0.407202216,0.213296399,0.379501385,gfg,youtube,w3school,"['gfg', 'youtube', 'w3school']"
187,81,90,91,93,90,95,90,95,100,51,89,4,70,0.398601399,0.172494172,0.428904429,youtube,gfg,w3school,"['youtube', 'gfg', 'w3school']"
188,74,81,88,42,87.5,50,5,0,0,8,79,6,44,0.462686567,0.149253731,0.388059701,gfg,youtube,w3school,"['gfg', 'youtube', 'w3school']"
189,26,92,51,63,97.5,100,90,97.5,100,34,70,32,55,0.369905956,0.272727273,0.357366771,gfg,youtube,w3school,"['gfg', 'youtube', 'w3school']"
190,92,73,43,91,82.5,80,82.5,77.5,80,86,96,24,94,0.395683453,0.282973621,0.321342926,gfg,youtube,w3school,"['gfg', 'youtube', 'w3school']"
191,72,100,26,46,95,100,85,100,97.5,34,47,58,9,0.553054662,0.215434084,0.231511254,gfg,youtube,w3school,"['gfg', 'youtube', 'w3school']"
192,74,73,99,89,87.5,85,87.5,75,85,79,97,36,62,0.339491917,0.226327945,0.434180139,youtube,gfg,w3school,"['youtube', 'gfg', 'w3school']"
193,49,89,78,60,45,50,30,42.5,20,87,96,5,27,0.448051948,0.103896104,0.448051948,gfg,youtube,w3school,"['gfg', 'youtube', 'w3school']"
194,95,99,79,99,85,87.5,72.5,75,85,95,99,33,85,0.395918367,0.240816327,0.363265306,gfg,youtube,w3school,"['gfg', 'youtube', 'w3school']"
195,79,84,46,88,30,0,0,0,0,74,84,7,86,0.417948718,0.238461538,0.343589744,gfg,youtube,w3school,"['gfg', 'youtube', 'w3school']"
196,96,82,71,49,100,92.5,97.5,97.5,87.5,56,100,30,23,0.507122507,0.150997151,0.341880342,gfg,youtube,w3school,"['gfg', 'youtube', 'w3school']"
197,37,94,43,80,92.5,95,87.5,92.5,95,96,97,24,2,0.467857143,0.092857143,0.439285714,gfg,youtube,w3school,"['gfg', 'youtube', 'w3school']"
198,62,68,75,51,87.5,95,75,82.5,92.5,91,98,88,75,0.31026253,0.38902148,0.30071599,w3school,gfg,youtube,"['w3school', 'gfg', 'youtube']"
199,39,99,67,96,87.5,85,85,70,92.5,78,92,70,85,0.302631579,0.339912281,0.35745614,youtube,w3school,gfg,"['youtube', 'w3school', 'gfg']"
200,36,73,41,92,82.5,82.5,82.5,72.5,82.5,12,82,66,59,0.297002725,0.340599455,0.36239782,youtube,w3school,gfg,"['youtube', 'w3school', 'gfg']"
201,60,84,81,70,50,50,47.5,47.5,0,14,74,6,38,0.424778761,0.12979351,0.445427729,youtube,gfg,w3school,"['youtube', 'gfg', 'w3school']"
202,76,87,48,63,87.5,80,92.5,97.5,100,13,86,90,2,0.445355191,0.25136612,0.303278689,gfg,youtube,w3school,"['gfg', 'youtube', 'w3school']"
203,31,62,82,43,72.5,80,50,52.5,75,82,86,33,5,0.36328125,0.1484375,0.48828125,youtube,gfg,w3school,"['youtube', 'gfg', 'w3school']"
204,87,100,58,50,95,97.5,97.5,100,100,88,97,0,78,0.501340483,0.209115282,0.289544236,gfg,youtube,w3school,"['gfg', 'youtube', 'w3school']"
205,69,71,49,99,95,90,77.5,87.5,80,80,82,89,69,0.313901345,0.35426009,0.331838565,w3school,youtube,gfg,"['w3school', 'youtube', 'gfg']"
206,53,54,31,64,82.5,77.5,60,37.5,17.5,5,35,42,89,0.321321321,0.393393393,0.285285285,w3school,gfg,youtube,"['w3school', 'gfg', 'youtube']"
207,79,64,100,78,77.5,87.5,75,95,100,76,76,16,72,0.349633252,0.215158924,0.435207824,youtube,gfg,w3school,"['youtube', 'gfg', 'w3school']"
208,84,75,41,95,85,97.5,90,100,97.5,100,100,23,66,0.4140625,0.231770833,0.354166667,gfg,youtube,w3school,"['gfg', 'youtube', 'w3school']"
209,56,59,95,91,92.5,95,92.5,100,97.5,19,98,61,17,0.303430079,0.205804749,0.490765172,youtube,gfg,w3school,"['youtube', 'gfg', 'w3school']"
210,66,100,26,80,87.5,85,75,70,90,78,92,84,13,0.449864499,0.262872629,0.287262873,gfg,youtube,w3school,"['gfg', 'youtube', 'w3school']"
211,66,91,91,82,97.5,92.5,85,90,90,57,97,27,65,0.372037915,0.218009479,0.409952607,youtube,gfg,w3school,"['youtube', 'gfg', 'w3school']"
212,72,97,63,79,75,80,70,62.5,87.5,40,45,8,39,0.472067039,0.131284916,0.396648045,gfg,youtube,w3school,"['gfg', 'youtube', 'w3school']"
213,49,84,29,99,87.5,92.5,80,97.5,92.5,64,90,78,41,0.35,0.313157895,0.336842105,gfg,youtube,w3school,"['gfg', 'youtube', 'w3school']"
214,73,91,71,94,90,82.5,90,95,80,7,36,17,84,0.381395349,0.234883721,0.38372093,youtube,gfg,w3school,"['youtube', 'gfg', 'w3school']"
215,60,47,48,85,95,100,90,95,92.5,60,64,70,94,0.264851485,0.405940594,0.329207921,w3school,youtube,gfg,"['w3school', 'youtube', 'gfg']"
216,72,94,35,82,87.5,100,92.5,80,87.5,61,76,49,86,0.397129187,0.322966507,0.279904306,gfg,w3school,youtube,"['gfg', 'w3school', 'youtube']"
217,28,82,27,86,90,85,75,82.5,72.5,0,97,91,60,0.294117647,0.403743316,0.302139037,w3school,youtube,gfg,"['w3school', 'youtube', 'gfg']"
218,49,70,33,54,92.5,100,80,100,97.5,81,85,34,88,0.362804878,0.37195122,0.265243902,w3school,gfg,youtube,"['w3school', 'gfg', 'youtube']"
219,49,70,64,95,92.5,92.5,70,85,100,33,57,99,14,0.304347826,0.289002558,0.406649616,youtube,gfg,w3school,"['youtube', 'gfg', 'w3school']"
220,33,83,33,62,92.5,75,80,55,75,91,96,43,61,0.368253968,0.33015873,0.301587302,gfg,w3school,youtube,"['gfg', 'w3school', 'youtube']"
221,48,78,88,72,67.5,72.5,35,32.5,52.5,63,100,99,45,0.293023256,0.334883721,0.372093023,youtube,w3school,gfg,"['youtube', 'w3school', 'gfg']"
222,34,94,82,98,87.5,82.5,72.5,97.5,87.5,34,100,47,64,0.30548926,0.264916468,0.429594272,youtube,gfg,w3school,"['youtube', 'gfg', 'w3school']"
223,69,63,97,89,95,97.5,90,92.5,90,33,84,39,92,0.293986637,0.291759465,0.414253898,youtube,gfg,w3school,"['youtube', 'gfg', 'w3school']"
224,94,64,40,78,85,50,37.5,47.5,45,11,52,20,16,0.506410256,0.115384615,0.378205128,gfg,youtube,w3school,"['gfg', 'youtube', 'w3school']"
225,26,97,40,93,0,0,0,0,0,94,96,3,89,0.353448276,0.264367816,0.382183908,youtube,gfg,w3school,"['youtube', 'gfg', 'w3school']"
226,53,100,93,97,47.5,17.5,0,0,0,20,23,10,70,0.361702128,0.189125296,0.449172577,youtube,gfg,w3school,"['youtube', 'gfg', 'w3school']"
227,77,91,90,47,37.5,32.5,42.5,27.5,12.5,63,97,90,42,0.384439359,0.302059497,0.313501144,gfg,youtube,w3school,"['gfg', 'youtube', 'w3school']"
